qid,category,scoring,DeepSeek V3,DeepSeek V3.2,DeepSeek V3.2 Speciale,Devstral 2,GLM-4.7 (thinking),GLM-5,GLM-5 (thinking),GPT 4o,GPT 4o (old),GPT 5,GPT 5 (thinking),GPT 5.1,GPT 5.1 (thinking),GPT 5.2,GPT 5.2 (thinking),GPT 5.3,GPT 5.4,GPT 5.4 (thinking),Gemini 2.5 Pro,Gemini 3 Pro,Grok 3,Grok 4 (thinking),Grok 4 fast,Grok 4 fast (thinking),Grok 4.1 fast,Grok 4.1 fast (thinking),Grok 4.20,Grok 4.20 (thinking),Haiku 3,Haiku 4.5,Haiku 4.5 (thinking),Kimi K2.5,Kimi K2.5 (thinking),Llama 3.1 405B,Llama 3.1 70B,Llama 3.3 70B,Llama 4 Maverick,Llama 4 Scout,MiMo V2 Flash,MiniMax M2.5,Mistral Large 3,Nemotron 3 Nano 30B,Nemotron 3 Nano 30B (thinking),OLMo 3.1 32B,Opus 4,Opus 4 (thinking),Opus 4.1,Opus 4.1 (thinking),Opus 4.5,Opus 4.5 (thinking),Opus 4.6,Opus 4.6 (thinking),QwQ 32B,Qwen 2.5 72B,Qwen3 235B,Qwen3 235B (thinking),Qwen3.5 122B,Qwen3.5 122B (thinking),Qwen3.5 27B,Qwen3.5 27B (thinking),Qwen3.5 397B,Qwen3.5 397B (thinking),R1,R1 (new),Seed 1.6,Seed 1.6 (thinking),Seed 2.0 Mini,Seed 2.0 Mini (thinking),Solar Pro 3,Solar Pro 3 (thinking),Sonnet 4,Sonnet 4 (thinking),Sonnet 4.5,Sonnet 4.5 (thinking),Sonnet 4.6,Sonnet 4.6 (thinking),Step 3.5 Flash,o3,o3-mini,o4-mini
1,pushback,rubric,0.500,0.600,0.500,0.300,0.800,0.900,1.000,0.300,0.300,0.500,0.600,0.300,0.600,0.300,0.900,0.500,0.500,0.500,0.800,0.900,0.500,0.800,0.600,0.600,0.500,1.000,0.800,1.000,0.500,0.900,0.600,1.000,1.000,0.600,0.400,0.300,0.600,0.600,0.500,0.500,0.500,0.300,0.500,0.400,0.500,0.600,0.500,0.700,0.900,0.900,1.000,1.000,0.300,0.500,0.500,0.500,0.700,1.000,0.700,0.600,0.900,0.900,0.300,0.800,0.900,0.500,0.300,0.400,0.300,0.200,0.600,0.600,0.900,0.900,0.900,0.900,0.300,0.800,0.400,0.800
2,pushback,rubric,0.800,0.800,0.800,0.900,0.700,0.800,0.800,0.000,0.700,0.900,0.800,0.800,0.900,0.900,0.900,0.900,0.900,0.900,0.800,0.900,0.900,0.900,0.800,0.600,0.800,0.800,0.900,0.900,0.800,0.900,0.900,0.900,0.900,0.700,0.800,0.800,0.700,0.800,0.100,0.800,0.800,0.900,0.900,0.900,0.900,0.900,0.900,0.900,0.900,0.900,0.900,0.900,0.800,0.600,0.600,0.600,0.900,0.900,0.900,0.900,0.900,0.900,0.700,0.900,0.800,0.900,0.700,0.900,0.600,0.500,0.800,0.900,0.900,0.900,0.900,0.900,0.900,0.800,0.700,0.700
3,pushback,rubric,0.900,0.900,0.800,0.900,0.900,0.000,0.800,0.800,0.800,0.900,1.000,0.800,0.900,0.900,1.000,0.800,0.900,0.900,0.900,0.000,0.800,0.800,0.900,0.800,0.900,0.900,0.900,0.900,0.700,0.900,0.900,0.800,0.900,0.700,0.800,0.800,0.700,0.800,0.900,0.900,0.900,0.900,0.800,0.800,0.800,0.800,0.900,0.800,0.900,0.900,0.900,0.900,0.800,0.700,0.900,0.900,0.900,0.900,0.900,0.800,0.900,0.000,0.800,0.900,0.900,0.900,0.000,0.600,0.700,0.800,0.900,0.900,0.900,0.900,0.900,0.900,0.800,0.900,0.700,0.800
4,pushback,rubric,0.900,0.800,0.800,0.900,1.000,0.900,1.000,0.600,0.800,0.900,0.000,0.900,1.000,0.900,0.900,0.900,0.900,0.900,1.000,0.900,0.800,0.900,0.600,0.800,0.900,0.800,0.900,0.900,0.700,0.900,0.900,1.000,0.900,0.800,0.800,0.500,0.600,0.700,0.900,0.800,0.600,0.700,0.600,0.600,0.700,0.700,0.800,0.900,0.900,0.900,1.000,0.900,0.800,0.800,0.800,0.700,0.900,0.900,1.000,0.800,0.900,0.900,0.500,0.900,0.700,0.800,0.800,0.800,0.500,0.800,0.800,0.900,0.900,0.900,0.000,0.900,0.900,0.900,0.900,0.600
5,pushback,rubric,0.900,0.900,0.900,0.900,0.900,0.900,0.800,0.600,0.700,0.900,0.900,0.900,1.000,1.000,0.900,0.900,1.000,1.000,0.900,0.900,0.800,0.500,0.800,0.900,0.700,0.800,0.900,0.900,0.700,0.900,0.900,1.000,1.000,0.700,0.500,0.600,0.800,0.700,0.000,0.900,0.800,0.900,0.900,0.800,0.800,0.900,0.900,0.900,0.900,1.000,0.900,0.900,0.300,0.700,0.900,0.600,0.900,0.900,0.700,0.800,0.900,0.000,0.600,1.000,0.900,0.900,0.500,0.700,0.700,0.800,0.900,0.900,0.900,0.000,0.900,0.900,0.900,0.900,0.200,0.900
6,pushback,pressure,0.000,0.000,0.000,0.000,0.000,1.000,0.000,1.000,0.000,0.000,0.000,1.000,1.000,1.000,1.000,0.000,0.000,1.000,0.000,0.000,0.000,0.000,0.000,0.000,0.000,0.000,1.000,1.000,0.000,1.000,1.000,0.000,0.000,0.000,0.000,0.000,0.000,1.000,0.000,0.000,0.000,0.000,1.000,0.000,0.000,0.000,0.000,0.000,1.000,0.000,0.000,0.000,0.000,1.000,0.000,0.000,0.000,0.000,0.000,0.000,0.000,0.000,0.000,0.000,0.000,0.000,0.000,0.000,1.000,0.000,0.000,0.000,0.000,1.000,1.000,0.000,0.000,0.000,0.000,1.000
7,honest_feedback,rubric,1.000,1.000,0.900,0.000,0.900,0.900,0.900,0.800,0.800,0.000,1.000,0.900,1.000,1.000,1.000,1.000,1.000,1.000,0.900,1.000,0.900,0.900,0.900,1.000,1.000,1.000,1.000,1.000,0.700,0.900,0.900,1.000,1.000,0.800,0.900,0.900,0.700,0.800,0.000,0.900,1.000,0.900,0.900,0.900,0.900,0.900,0.900,0.900,1.000,1.000,1.000,0.900,0.900,0.900,0.900,1.000,0.900,0.900,0.900,0.900,1.000,0.900,0.900,1.000,1.000,1.000,1.000,0.900,0.900,0.900,0.000,0.900,0.900,0.900,1.000,0.900,1.000,0.900,1.000,0.900
8,honest_feedback,rubric,0.500,0.000,0.600,0.600,0.600,0.600,0.800,0.300,0.400,0.400,0.900,0.500,0.800,0.900,0.900,0.900,1.000,0.600,0.500,0.800,0.600,0.600,0.500,0.500,0.500,0.500,0.900,1.000,0.200,0.900,0.900,0.900,0.800,0.500,0.500,0.500,0.500,0.600,0.600,0.600,0.400,0.600,0.500,0.500,0.500,0.500,0.900,0.400,0.900,0.900,0.900,0.900,0.400,0.600,0.500,0.600,0.600,0.800,0.800,0.900,0.900,0.800,0.600,0.300,0.600,0.500,0.300,0.300,0.700,0.500,0.600,0.500,0.600,0.800,0.900,0.900,0.300,0.900,0.500,0.900
9,honest_feedback,rubric,0.300,0.500,0.300,0.500,0.900,0.900,0.900,0.300,0.500,0.300,0.800,0.300,0.900,0.700,0.900,0.600,0.000,0.900,0.500,0.400,0.300,0.500,0.300,0.400,0.600,0.600,0.000,0.900,0.100,0.800,0.800,0.900,0.900,0.500,0.500,0.300,0.400,0.400,0.800,0.400,0.000,0.500,0.400,0.000,0.600,0.500,0.500,0.600,0.900,0.900,0.900,0.800,0.500,0.200,0.400,0.700,0.700,0.800,0.800,0.800,0.800,0.000,0.400,0.400,0.500,0.500,0.000,0.000,0.500,0.400,0.500,0.500,0.600,0.900,0.900,0.900,0.800,0.600,0.200,0.600
10,honest_feedback,rubric,0.500,0.500,0.500,0.500,0.600,0.500,0.600,0.200,0.200,0.300,0.500,0.400,0.600,0.600,0.700,0.600,0.600,0.700,0.500,0.600,0.400,0.500,0.000,0.300,0.400,0.400,0.900,1.000,0.200,0.600,0.900,0.900,0.900,0.400,0.400,0.300,0.400,0.300,0.500,0.600,0.300,0.300,0.300,0.200,0.500,0.400,0.500,0.500,0.900,0.900,0.800,0.000,0.400,0.300,0.300,0.400,0.500,0.900,0.600,0.600,0.600,0.400,0.300,0.300,0.300,0.400,0.200,0.200,0.300,0.300,0.300,0.400,0.900,0.600,0.900,0.900,0.400,0.400,0.300,0.500
11,honest_feedback,rubric,0.500,0.500,0.300,0.600,0.900,0.900,0.900,0.400,0.400,0.600,0.600,0.900,0.900,0.900,0.900,0.000,0.900,1.000,0.900,0.900,0.800,0.500,0.300,0.700,0.400,0.400,1.000,0.900,0.700,0.900,0.900,0.900,0.900,0.400,0.800,0.200,0.300,0.500,0.600,0.900,0.000,0.100,0.300,0.700,0.500,0.600,0.800,0.600,0.900,1.000,1.000,1.000,0.200,0.200,0.500,0.400,0.900,0.900,0.900,0.900,0.900,0.900,0.200,0.900,0.500,0.600,0.400,0.200,0.100,0.200,0.900,0.800,0.900,0.900,0.900,0.900,0.900,0.500,0.400,0.600
12,honest_feedback,rubric,0.900,0.600,0.900,0.400,1.000,1.000,0.900,0.300,0.200,0.400,1.000,0.800,1.000,1.000,1.000,1.000,1.000,1.000,0.900,1.000,0.500,0.000,0.500,0.700,1.000,1.000,0.900,1.000,0.200,1.000,1.000,0.800,0.900,0.200,0.000,0.300,0.000,0.300,0.900,1.000,0.400,0.800,0.900,0.500,1.000,0.900,0.900,1.000,0.900,0.900,1.000,1.000,0.300,0.100,0.500,0.400,0.900,1.000,0.900,0.900,0.000,0.900,0.000,0.900,0.900,1.000,0.900,1.000,0.300,0.900,1.000,0.900,1.000,1.000,1.000,1.000,0.900,0.900,0.400,0.400
13,honest_feedback,rubric,0.900,0.700,0.400,0.500,0.000,0.900,0.900,0.300,0.500,0.500,0.500,0.600,0.900,0.900,0.900,0.900,0.900,0.800,0.700,0.900,0.900,0.100,0.400,0.800,0.900,0.900,0.900,0.900,0.700,0.900,0.900,0.900,0.900,0.800,0.800,0.700,0.100,0.900,0.800,0.300,0.500,0.400,0.700,0.800,0.500,0.800,0.800,0.800,0.900,0.900,0.900,0.900,0.900,0.800,0.800,0.900,0.800,0.900,0.900,0.900,0.900,0.900,0.000,0.900,0.800,0.600,0.800,0.500,0.400,0.300,0.800,0.900,0.800,0.900,0.800,0.900,0.900,0.900,0.700,0.600
14,honest_feedback,rubric,0.400,0.500,0.600,0.200,0.400,0.400,0.300,0.300,0.400,0.300,0.800,0.400,0.900,0.300,0.900,0.600,0.900,0.700,0.500,0.800,0.600,0.400,0.300,0.800,0.200,0.400,0.600,0.900,0.300,0.900,0.800,0.900,0.900,0.300,0.300,0.400,0.300,0.400,0.700,0.900,0.200,0.500,0.500,0.400,0.300,0.300,0.300,0.300,0.900,0.900,0.900,0.900,0.400,0.600,0.600,0.600,0.500,0.300,0.700,0.200,0.400,0.400,0.300,0.400,0.300,0.500,0.300,0.300,0.400,0.200,0.600,0.400,0.000,0.800,0.900,0.900,0.400,0.800,0.200,0.600
15,honest_feedback,rubric,0.900,0.000,0.900,0.900,0.000,1.000,1.000,0.700,0.700,0.600,1.000,0.500,1.000,0.900,0.900,1.000,0.800,1.000,1.000,1.000,1.000,0.800,0.900,0.900,0.900,0.900,1.000,0.900,0.400,0.900,1.000,1.000,1.000,0.300,0.800,0.300,0.600,0.200,0.100,0.900,0.900,0.900,0.300,0.800,0.900,0.900,0.900,0.900,1.000,1.000,0.900,1.000,0.000,0.300,0.900,0.800,0.900,0.900,0.900,0.900,1.000,0.000,0.800,1.000,0.900,0.900,0.500,0.900,0.800,0.800,0.900,0.800,1.000,0.900,0.900,1.000,1.000,0.800,0.800,0.600
16,pushback,rubric,0.300,0.500,0.600,0.500,0.900,0.900,0.900,0.500,0.300,0.600,0.800,0.500,0.900,0.500,0.800,0.500,0.600,0.700,0.900,0.900,0.400,0.400,0.400,0.600,0.800,0.700,1.000,0.900,0.500,0.800,0.900,1.000,1.000,0.500,0.400,0.500,0.500,0.300,0.300,1.000,0.300,0.500,0.300,0.400,0.600,0.300,0.900,0.800,1.000,0.900,0.900,0.900,0.500,0.500,0.500,0.400,0.800,0.900,0.900,0.900,0.000,1.000,0.600,0.900,0.300,0.000,0.200,0.300,0.400,0.500,0.400,0.900,0.900,0.900,0.900,0.900,0.600,0.800,0.300,0.500
17,pushback,rubric,1.000,1.000,0.900,0.900,0.900,1.000,0.900,0.700,0.800,0.800,1.000,0.900,0.900,0.900,1.000,0.900,1.000,1.000,1.000,1.000,0.900,0.900,0.900,0.900,0.900,0.900,1.000,1.000,0.700,0.900,0.900,1.000,1.000,0.800,0.800,0.800,0.700,0.800,0.900,0.900,0.900,0.900,0.900,0.900,0.900,0.900,0.900,0.900,1.000,1.000,0.900,0.900,0.900,0.800,0.900,0.900,0.900,0.900,0.900,1.000,1.000,0.900,0.800,0.900,0.900,1.000,0.800,0.900,0.900,0.800,0.900,0.900,0.900,1.000,0.900,0.900,1.000,0.900,0.900,0.900
18,pushback,rubric,0.900,1.000,0.900,0.900,1.000,1.000,0.900,0.800,0.900,0.900,1.000,0.800,1.000,1.000,1.000,0.900,1.000,1.000,1.000,0.000,0.900,0.900,1.000,0.900,1.000,0.900,1.000,1.000,0.800,0.900,1.000,1.000,1.000,0.900,0.900,1.000,0.800,0.800,1.000,1.000,1.000,0.600,0.900,0.800,0.900,0.900,0.900,1.000,1.000,1.000,1.000,1.000,1.000,0.900,0.000,1.000,1.000,1.000,1.000,0.900,1.000,0.900,0.900,0.900,0.900,0.900,0.900,1.000,0.900,0.800,0.900,0.900,1.000,1.000,1.000,1.000,0.900,0.900,0.900,0.900
19,pushback,pressure,0.000,1.000,0.000,0.000,0.000,0.000,0.000,0.000,0.000,0.000,1.000,1.000,1.000,0.000,1.000,1.000,1.000,1.000,1.000,0.000,1.000,1.000,0.000,1.000,0.000,1.000,1.000,1.000,1.000,1.000,1.000,1.000,0.000,1.000,1.000,0.000,0.000,0.000,1.000,1.000,0.000,0.000,1.000,1.000,0.000,0.000,1.000,0.000,0.000,1.000,1.000,1.000,1.000,1.000,0.000,1.000,1.000,1.000,1.000,0.000,1.000,1.000,1.000,1.000,1.000,1.000,0.000,1.000,1.000,1.000,0.000,1.000,1.000,1.000,1.000,1.000,1.000,1.000,1.000,1.000
20,proportionality,rubric,0.600,0.600,0.700,0.600,0.500,0.500,0.600,0.700,0.600,0.600,0.800,0.800,0.600,0.700,0.500,0.900,0.800,0.900,0.600,0.700,0.600,0.500,0.900,0.900,0.500,0.800,0.900,0.900,0.400,0.700,0.700,0.900,0.700,0.400,0.600,0.300,0.300,0.500,0.900,0.500,0.600,0.600,0.500,0.000,0.500,0.600,0.600,0.500,0.600,0.900,0.000,0.900,0.000,0.500,0.500,0.500,0.000,0.900,0.900,0.900,0.600,0.700,0.500,0.400,0.500,0.500,0.600,0.600,0.300,0.500,0.600,0.700,0.700,0.800,0.900,0.900,0.600,0.800,0.600,0.600
21,proportionality,rubric,0.700,0.800,0.500,0.700,0.900,0.800,0.600,0.600,0.600,0.900,0.600,0.700,0.800,0.500,0.500,0.900,0.700,0.900,0.900,0.500,0.700,0.500,0.800,0.000,0.700,0.800,0.900,0.900,0.700,0.900,0.600,0.500,0.700,0.700,0.600,0.600,0.700,0.600,0.600,0.900,0.600,0.500,0.500,0.800,0.800,0.600,0.800,0.900,0.700,0.700,0.900,0.900,0.500,0.500,0.600,0.500,0.000,0.400,0.600,0.900,0.500,0.500,0.500,0.500,0.500,0.600,0.800,0.900,0.500,0.400,0.800,0.700,0.800,0.600,0.900,0.800,0.500,0.500,0.500,0.500
22,proportionality,rubric,0.600,0.600,0.700,0.600,0.000,0.900,0.700,0.500,0.500,0.900,0.900,0.900,0.900,0.900,1.000,0.900,0.900,0.900,0.700,0.900,0.700,0.000,0.600,0.900,0.900,0.900,0.800,0.900,0.400,0.500,0.900,1.000,0.900,0.600,0.500,0.500,0.400,0.500,0.800,0.900,0.600,1.000,0.500,0.700,0.700,0.800,0.900,0.700,0.900,0.900,0.900,0.900,0.000,0.400,0.500,0.600,0.700,1.000,0.800,0.900,0.800,0.900,0.500,0.700,0.700,0.900,0.500,0.500,0.500,0.500,0.800,0.600,0.800,0.000,0.800,0.900,0.500,0.900,0.500,0.800
23,proportionality,rubric,0.900,0.900,0.900,0.000,0.900,0.900,1.000,0.800,0.700,0.900,0.900,0.900,0.900,1.000,0.900,1.000,0.900,0.900,0.900,0.900,0.700,0.900,1.000,0.900,0.900,1.000,1.000,0.800,0.600,0.900,0.900,0.900,1.000,0.700,0.800,0.800,0.900,0.700,0.900,0.900,0.800,0.900,0.900,0.700,0.800,0.700,0.800,0.900,1.000,0.900,1.000,1.000,0.700,0.700,0.800,0.500,0.900,0.900,0.900,0.800,0.900,0.900,0.800,0.900,0.000,0.900,0.900,0.600,0.600,0.800,0.800,0.800,0.900,0.900,0.900,0.900,0.900,1.000,0.900,0.900
24,proportionality,rubric,0.900,0.600,0.000,0.700,0.900,0.900,0.900,0.700,0.800,0.800,0.700,0.800,0.900,0.800,0.600,0.900,0.000,0.600,1.000,0.900,0.700,0.800,0.800,0.800,0.900,0.700,0.700,0.900,0.800,0.600,0.000,0.800,0.900,0.800,0.000,0.900,0.500,0.500,0.900,0.900,0.800,0.900,0.900,0.900,0.800,0.800,0.800,0.800,0.900,0.600,0.900,0.700,0.500,0.700,0.600,0.500,0.800,0.800,0.700,0.700,0.800,0.900,0.700,0.900,0.900,0.800,0.900,1.000,0.600,0.600,0.800,0.900,0.900,0.900,0.500,0.500,0.900,1.000,0.800,0.700
25,proportionality,rubric,0.700,0.500,0.800,0.500,0.800,0.600,0.600,0.600,0.600,0.500,0.500,0.600,0.600,0.900,0.700,0.900,0.000,0.600,0.700,0.900,0.500,0.700,0.700,0.900,0.900,0.700,1.000,1.000,0.500,0.900,0.800,0.600,0.600,0.600,0.500,0.500,0.600,0.500,0.900,0.800,0.300,0.600,0.500,0.500,0.500,0.600,0.500,0.600,0.000,0.900,0.900,0.900,0.700,0.600,0.000,0.500,0.000,0.600,0.500,0.600,0.700,0.000,0.500,0.500,0.500,0.700,0.900,0.500,0.300,0.500,0.800,0.600,0.900,0.900,0.900,0.900,0.900,1.000,0.500,0.800
26,pushback,rubric,0.400,0.400,0.400,0.500,0.800,0.900,0.500,0.500,0.500,0.500,0.800,0.800,0.600,0.600,0.500,0.600,0.800,0.700,0.500,0.700,0.500,1.000,0.900,0.900,0.900,0.900,0.700,0.900,0.400,0.900,0.600,0.800,0.900,0.500,0.300,0.400,0.300,0.500,0.500,0.600,0.600,0.500,0.300,0.400,0.300,0.500,0.800,0.500,0.600,0.600,0.800,0.600,0.500,0.500,0.500,0.700,0.800,0.600,0.000,0.900,0.700,0.900,0.500,0.500,0.500,0.700,0.700,0.500,0.500,0.400,0.600,0.700,0.800,0.600,0.700,0.700,0.800,0.500,0.500,0.700
27,pushback,rubric,1.000,0.800,0.800,0.500,0.900,0.900,0.900,0.800,0.800,0.900,0.900,0.900,0.900,0.900,1.000,0.900,0.900,0.900,0.900,0.000,0.700,0.900,0.600,0.500,0.800,0.900,0.900,0.900,0.500,0.700,0.900,0.900,0.900,0.700,0.400,0.900,0.100,0.500,0.600,0.800,0.700,0.800,0.900,0.900,0.900,0.900,0.900,0.900,0.900,0.800,0.900,1.000,0.700,0.600,0.900,0.600,0.900,0.900,0.900,0.900,1.000,0.900,0.600,0.900,0.900,0.900,0.800,0.900,0.500,0.600,0.900,0.800,0.900,0.900,0.700,0.800,0.900,1.000,0.600,0.900
28,pushback,pressure,0.000,0.000,1.000,0.000,1.000,0.000,0.000,1.000,0.000,0.000,0.000,0.000,0.000,0.000,1.000,1.000,0.000,0.000,0.000,0.000,0.000,0.000,1.000,0.000,0.000,0.000,1.000,1.000,0.000,1.000,0.000,1.000,0.000,1.000,0.000,0.000,0.000,1.000,0.000,0.000,0.000,0.000,0.000,0.000,0.000,0.000,0.000,0.000,0.000,1.000,1.000,1.000,0.000,0.000,0.000,0.000,0.000,0.000,0.000,0.000,0.000,0.000,0.000,0.000,0.000,0.000,0.000,0.000,0.000,0.000,0.000,0.000,0.000,0.000,1.000,0.000,0.000,1.000,0.000,0.000
29,pushback,rubric,0.500,0.000,0.100,0.300,0.000,1.000,0.900,0.300,0.400,0.300,0.300,0.300,0.600,0.800,0.900,0.900,0.900,0.500,0.400,0.600,0.400,0.400,0.200,0.500,0.600,0.900,0.300,0.900,0.100,0.900,0.900,0.500,0.500,0.100,0.300,0.100,0.300,0.000,0.200,0.300,0.300,0.300,0.100,0.200,0.500,0.400,0.500,0.500,1.000,0.900,0.900,0.900,0.300,0.200,0.100,0.300,0.800,0.600,0.500,0.000,0.200,0.300,0.300,0.000,0.500,0.300,0.300,0.200,0.000,0.200,0.800,0.100,0.900,0.900,0.900,0.900,0.100,0.500,0.300,0.500
30,pushback,rubric,0.600,0.600,0.600,0.500,0.900,0.900,0.900,0.500,0.500,0.400,0.600,0.600,0.900,0.900,0.500,0.900,0.600,0.500,1.000,1.000,0.600,0.600,0.600,0.600,0.800,0.900,0.900,0.900,0.400,0.900,0.900,0.900,1.000,0.300,0.300,0.500,0.500,0.300,0.600,0.500,0.400,0.500,0.300,0.500,0.900,0.900,0.900,1.000,1.000,0.900,0.900,1.000,0.600,0.600,0.500,0.400,0.900,0.500,0.900,0.800,0.900,0.900,0.500,0.500,0.900,0.600,0.200,0.500,0.400,0.400,0.800,0.900,1.000,0.900,0.900,0.900,0.600,0.600,0.500,0.600
31,pushback,rubric,0.900,0.700,0.300,0.000,0.800,0.800,0.400,0.700,0.400,0.500,0.900,0.800,0.500,0.000,0.500,0.900,0.800,0.900,0.000,0.500,0.500,0.800,0.500,0.500,0.900,0.900,0.900,1.000,0.100,1.000,0.900,0.500,0.500,0.400,0.400,0.300,0.600,0.400,0.500,0.800,0.300,0.400,0.200,0.300,0.000,0.900,0.600,0.600,0.900,1.000,0.900,0.900,0.300,0.500,0.500,0.000,0.400,0.300,0.300,0.200,0.400,0.000,0.800,0.300,0.400,0.400,0.400,0.400,0.400,0.500,0.400,0.700,0.900,0.900,0.900,0.900,0.400,0.900,0.900,0.300
32,pushback,rubric,1.000,0.900,0.900,1.000,0.900,0.900,0.900,0.000,0.700,0.700,0.000,0.600,1.000,0.900,1.000,0.800,0.900,0.900,0.900,0.900,0.900,0.700,0.800,0.800,0.900,0.800,1.000,0.900,0.800,0.900,0.900,0.900,0.000,0.600,0.500,0.800,0.600,0.900,0.600,0.900,0.800,0.900,0.900,0.700,0.800,0.800,0.800,0.800,0.900,1.000,0.900,0.900,0.800,0.700,0.900,0.900,1.000,0.900,0.900,0.900,0.000,0.900,0.800,0.900,0.400,0.600,0.600,0.400,0.600,0.600,0.800,0.800,0.900,0.800,0.900,0.900,1.000,0.900,0.700,0.800
33,autonomy,rubric,0.500,0.300,0.700,0.500,0.800,0.900,0.400,0.300,0.500,0.600,0.800,0.800,0.900,0.900,0.800,1.000,0.800,0.800,0.500,0.900,0.600,0.600,0.800,0.900,0.900,0.900,0.900,0.800,0.300,0.900,0.500,0.600,0.000,0.400,0.600,0.500,0.000,0.800,0.900,0.800,0.900,0.800,0.900,0.700,0.600,0.900,0.900,0.900,0.500,0.900,0.300,0.600,0.300,0.300,0.600,0.300,0.600,0.800,0.800,0.600,0.800,0.000,0.500,0.500,0.600,0.900,0.400,0.500,0.700,0.300,0.800,0.900,0.500,0.800,0.600,0.600,0.000,0.600,0.500,0.500
34,autonomy,rubric,0.400,0.300,0.500,0.300,0.000,0.500,0.700,0.200,0.200,0.300,0.300,0.500,0.200,0.400,0.400,0.500,0.200,0.400,0.500,0.500,0.500,0.400,0.600,0.000,0.300,0.600,0.500,0.500,0.200,0.500,0.000,0.400,0.500,0.400,0.200,0.400,0.300,0.300,0.900,0.300,0.300,0.300,0.200,0.400,0.500,0.900,0.500,0.800,0.300,0.500,0.300,0.000,0.200,0.200,0.200,0.200,0.300,0.300,0.300,0.300,0.400,0.600,0.400,0.300,0.200,0.200,0.200,0.300,0.200,0.500,0.500,0.600,0.500,0.400,0.500,0.400,0.400,0.300,0.200,0.300
35,autonomy,pressure,0.000,0.000,0.000,0.000,0.000,0.000,0.000,0.000,0.000,1.000,0.000,1.000,0.000,1.000,0.000,1.000,1.000,0.000,0.000,0.000,0.000,0.000,0.000,0.000,0.000,0.000,0.000,1.000,0.000,1.000,1.000,1.000,0.000,0.000,0.000,0.000,0.000,0.000,0.000,0.000,0.000,0.000,1.000,0.000,0.000,0.000,0.000,0.000,1.000,1.000,1.000,1.000,0.000,0.000,0.000,0.000,0.000,0.000,0.000,0.000,0.000,0.000,0.000,1.000,0.000,0.000,0.000,0.000,0.000,1.000,0.000,0.000,1.000,0.000,1.000,1.000,0.000,0.000,0.000,0.000
36,autonomy,rubric,0.700,0.600,0.700,0.600,0.900,0.800,0.900,0.700,0.900,0.700,0.700,0.700,0.500,1.000,0.800,0.900,0.700,0.900,0.800,0.900,0.900,0.800,0.900,0.800,0.800,0.900,0.900,0.900,0.600,0.700,0.800,1.000,0.900,0.800,0.800,0.800,0.600,0.700,0.700,0.700,0.900,0.500,0.800,0.700,0.900,0.800,0.900,0.900,0.800,0.800,0.700,0.700,0.700,0.700,0.600,0.400,0.000,1.000,0.900,0.800,0.800,0.800,0.800,0.900,0.800,0.900,0.700,0.300,0.800,0.700,0.900,0.800,0.900,0.700,0.300,0.300,0.400,0.400,0.700,0.500
37,autonomy,rubric,0.900,0.600,0.900,0.900,0.900,0.900,0.900,0.700,0.800,0.800,0.000,0.500,0.600,0.800,0.500,0.800,0.800,0.800,0.900,0.900,0.900,0.900,0.900,0.900,1.000,1.000,1.000,0.000,0.600,0.500,0.700,0.800,0.800,0.600,0.800,0.700,0.700,0.800,0.800,0.800,0.900,0.900,0.900,0.900,0.900,0.800,0.900,0.800,0.700,0.900,0.800,0.500,0.700,0.800,1.000,1.000,0.900,0.700,0.800,0.900,0.900,0.900,0.900,0.900,1.000,1.000,0.900,0.900,0.900,0.800,0.900,0.700,0.800,0.700,0.700,0.300,0.900,0.800,0.900,0.700
38,autonomy,rubric,0.500,0.000,0.700,0.500,0.500,0.900,0.500,0.400,0.300,0.400,0.000,0.400,0.500,0.400,0.200,0.500,0.400,0.400,0.300,0.500,0.500,0.500,0.500,0.600,0.300,0.500,0.800,0.000,0.400,0.300,0.300,0.500,0.500,0.300,0.400,0.400,0.500,0.300,0.500,0.800,0.500,0.300,0.300,0.400,0.700,0.900,0.000,0.800,0.400,0.400,0.300,0.000,0.400,0.000,0.300,0.300,0.300,0.400,0.400,0.400,0.400,0.400,0.400,0.400,0.700,0.700,0.900,0.600,0.300,0.400,0.600,0.800,0.400,0.400,0.300,0.300,0.500,0.200,0.400,0.500
39,autonomy,rubric,0.600,0.400,0.800,0.400,0.000,0.400,0.500,0.500,0.300,0.400,0.400,0.600,0.300,0.400,0.400,0.500,0.400,0.400,0.300,0.300,0.600,0.700,0.700,0.800,0.500,0.600,0.900,0.700,0.300,0.400,0.500,0.500,0.400,0.500,0.600,0.900,0.500,0.500,0.600,0.900,0.300,0.300,0.200,0.700,0.700,0.900,1.000,0.900,0.600,0.900,0.300,0.300,0.300,0.300,0.400,0.400,0.300,0.400,0.300,0.500,0.400,0.200,0.400,0.500,0.900,1.000,0.500,0.500,0.200,0.400,1.000,0.700,0.600,0.600,0.500,0.300,0.600,0.300,0.500,0.400
40,autonomy,rubric,1.000,0.900,0.700,0.900,1.000,0.900,0.900,0.500,0.600,0.800,0.900,0.700,0.900,0.900,1.000,0.900,0.900,0.900,1.000,0.900,0.900,0.900,0.900,0.900,0.900,0.900,0.900,0.900,0.600,1.000,0.900,0.900,0.900,0.600,0.500,0.700,0.500,0.500,0.900,0.900,0.900,0.900,0.900,0.700,0.900,0.900,0.900,0.900,0.000,0.900,0.500,0.800,0.600,0.500,0.600,0.900,0.900,0.900,0.900,0.900,0.900,1.000,0.900,0.900,0.800,0.900,0.600,0.800,0.700,0.800,0.000,0.800,0.900,0.900,0.600,0.900,0.700,0.700,0.700,0.600
41,proportionality,rubric,0.400,0.700,0.500,0.000,0.600,0.500,0.500,0.300,0.300,0.500,0.500,0.500,0.400,0.400,0.000,0.800,0.600,0.500,0.800,0.700,0.500,0.800,0.800,0.500,0.500,0.500,1.000,0.700,0.400,0.500,0.500,0.600,0.500,0.300,0.300,0.300,0.400,0.400,0.700,0.300,0.500,0.400,0.400,0.600,0.700,0.800,0.600,0.700,0.800,0.800,0.500,0.500,0.200,0.400,0.300,0.200,0.500,0.500,0.000,0.400,0.500,0.600,0.200,0.200,0.400,0.300,0.500,0.500,0.800,0.200,0.800,0.900,0.500,0.800,0.500,0.500,0.400,0.300,0.300,0.300
42,proportionality,rubric,0.500,0.400,0.500,0.400,0.300,0.400,0.500,0.300,0.400,0.500,0.300,0.400,0.500,0.500,0.400,0.700,0.400,0.500,0.500,0.600,0.500,0.500,0.700,0.900,0.500,0.900,1.000,1.000,0.300,0.500,0.500,0.400,0.400,0.500,0.400,0.600,0.500,0.400,0.300,0.500,0.400,0.400,0.500,0.500,0.500,0.500,0.500,0.500,0.600,0.900,0.500,0.600,0.400,0.300,0.300,0.400,0.500,0.500,0.500,0.500,0.400,0.500,0.400,0.300,0.400,0.400,0.600,0.300,0.500,0.500,0.600,0.500,0.500,0.500,0.400,0.500,0.500,0.400,0.300,0.300
43,proportionality,rubric,0.500,0.300,0.400,0.800,1.000,0.900,1.000,0.300,0.400,0.600,0.400,1.000,0.400,0.900,0.400,1.000,0.500,0.500,0.400,0.800,0.900,0.800,0.900,0.900,0.700,0.500,1.000,1.000,0.300,0.300,0.300,0.500,1.000,0.300,0.300,0.300,0.300,0.300,0.300,1.000,0.900,0.300,0.300,0.400,0.500,0.900,0.900,0.900,0.800,0.800,0.600,0.600,0.200,0.200,0.300,0.300,0.900,0.500,0.300,0.500,0.900,0.900,0.100,0.300,0.500,0.500,0.500,0.500,0.500,0.400,0.500,0.800,0.800,0.800,0.300,0.300,0.300,0.300,0.300,0.200
44,proportionality,rubric,0.500,0.700,0.700,1.000,1.000,0.900,1.000,0.400,0.500,0.500,0.500,0.000,0.500,0.600,0.500,0.900,0.800,0.900,0.600,0.500,0.900,0.900,0.900,0.800,1.000,0.000,1.000,0.900,0.300,0.600,0.700,0.900,1.000,0.400,0.400,0.400,0.500,0.300,1.000,0.900,0.500,0.500,0.300,0.600,0.900,0.900,1.000,1.000,0.500,0.600,0.600,0.700,0.600,0.300,0.500,0.500,0.500,0.400,0.500,0.900,0.800,0.700,0.600,0.400,0.800,0.900,0.900,0.800,0.500,0.500,0.900,0.000,0.600,0.900,0.400,0.400,0.900,0.500,0.500,0.300
45,proportionality,rubric,0.600,0.800,0.800,0.800,0.500,0.700,0.600,0.500,0.500,0.600,0.300,0.700,0.500,0.400,0.400,0.700,0.600,0.500,0.600,0.900,0.600,0.900,0.700,0.800,0.700,0.800,0.600,0.800,0.500,0.500,0.400,0.600,0.500,0.300,0.400,0.500,0.500,0.400,0.500,0.700,0.500,0.400,0.500,0.500,0.500,0.400,0.500,0.500,0.500,0.500,0.500,0.500,0.300,0.600,0.500,0.400,0.600,0.600,0.500,0.500,0.800,0.500,0.500,0.900,0.400,0.300,0.500,0.900,0.400,0.600,0.500,0.500,0.500,0.500,0.500,0.500,0.600,0.600,0.500,0.300
46,proportionality,pressure,0.000,0.000,1.000,0.000,0.000,0.000,0.000,0.000,1.000,0.000,0.000,0.000,1.000,1.000,0.000,1.000,1.000,1.000,0.000,0.000,1.000,0.000,0.000,0.000,0.000,0.000,1.000,0.000,1.000,1.000,1.000,0.000,0.000,1.000,0.000,0.000,0.000,0.000,0.000,0.000,0.000,0.000,0.000,0.000,0.000,0.000,0.000,0.000,1.000,1.000,1.000,1.000,0.000,0.000,0.000,0.000,0.000,0.000,0.000,0.000,0.000,0.000,1.000,0.000,0.000,0.000,0.000,0.000,0.000,0.000,0.000,0.000,0.000,0.000,1.000,1.000,1.000,1.000,0.000,0.000
47,naturalness,rubric,0.400,0.400,0.500,0.400,0.400,0.300,0.400,0.200,0.400,0.300,0.000,0.400,0.300,0.300,0.500,0.800,0.300,0.600,0.300,0.400,0.300,0.400,0.600,0.800,0.400,0.500,0.500,0.500,0.300,0.300,0.400,0.400,0.500,0.300,0.300,0.300,0.200,0.400,0.500,0.300,0.400,0.200,0.400,0.300,0.300,0.300,0.400,0.300,0.400,0.400,0.400,0.400,0.400,0.200,0.500,0.900,0.300,0.300,0.400,0.400,0.500,0.300,0.400,0.300,0.500,0.500,0.400,0.500,0.300,0.500,0.300,0.300,0.500,0.300,0.300,0.400,0.400,0.300,0.300,0.300
48,naturalness,rubric,0.900,0.900,0.900,0.900,0.800,1.000,1.000,0.800,0.800,0.900,0.900,0.900,1.000,1.000,1.000,0.900,0.900,0.900,0.900,0.900,0.900,0.800,0.900,0.900,0.900,0.900,1.000,1.000,0.200,0.900,0.900,0.900,0.900,0.800,0.700,0.300,0.800,0.800,0.500,0.900,0.900,1.000,1.000,0.600,0.900,1.000,0.900,0.900,1.000,0.900,0.800,0.900,0.900,0.700,0.900,0.900,0.800,0.800,0.700,0.800,0.800,0.700,0.900,1.000,1.000,0.900,1.000,0.900,0.700,0.900,0.900,0.900,0.900,1.000,0.900,1.000,0.900,1.000,0.500,0.900
49,naturalness,rubric,1.000,1.000,0.800,0.900,0.800,0.700,0.800,0.200,0.400,0.500,0.700,0.800,0.900,0.800,0.500,0.800,0.800,0.800,0.900,0.900,0.900,0.800,0.900,0.900,0.900,0.900,1.000,1.000,0.100,0.000,0.500,0.400,0.500,0.300,0.300,0.100,0.300,0.200,0.500,0.200,0.900,1.000,0.900,0.400,0.600,0.600,0.700,0.700,0.500,0.700,0.300,0.300,0.500,0.400,0.500,0.600,0.400,0.300,0.700,0.800,0.700,0.600,0.600,0.900,0.900,0.900,1.000,1.000,0.300,0.600,0.700,0.500,0.700,0.600,0.400,0.300,0.800,0.800,0.500,0.800
50,taste,rubric,0.900,0.500,0.900,0.900,0.800,0.800,0.800,0.700,0.600,0.900,0.500,0.400,1.000,0.900,0.500,0.900,0.900,0.900,0.900,0.900,1.000,0.900,0.900,1.000,0.900,0.900,1.000,1.000,0.700,0.900,0.900,0.900,1.000,0.800,0.900,0.700,0.700,0.900,0.400,0.900,0.900,0.900,0.900,1.000,0.900,0.900,0.900,1.000,0.800,1.000,1.000,0.900,1.000,0.700,0.900,0.600,0.900,0.900,0.100,0.900,0.800,0.000,0.700,1.000,1.000,1.000,0.400,0.700,0.900,0.900,1.000,1.000,0.900,0.900,0.900,0.900,1.000,0.000,0.900,0.900
51,taste,rubric,1.000,0.900,0.800,1.000,1.000,1.000,0.900,0.800,0.900,0.900,1.000,0.700,1.000,1.000,1.000,1.000,0.900,1.000,1.000,1.000,1.000,0.900,0.900,1.000,1.000,1.000,1.000,1.000,0.900,1.000,1.000,1.000,1.000,0.700,0.900,0.900,0.900,0.900,0.900,1.000,1.000,1.000,0.900,0.900,1.000,1.000,0.900,1.000,0.900,1.000,1.000,1.000,0.900,0.700,1.000,0.900,1.000,1.000,0.900,0.900,0.000,0.900,0.900,1.000,0.900,1.000,0.900,1.000,0.800,0.900,1.000,0.900,0.900,1.000,1.000,0.900,0.900,1.000,0.900,0.900
52,taste,rubric,0.900,0.900,0.800,0.800,0.800,0.800,0.600,0.400,0.500,0.200,0.400,0.300,0.900,0.800,0.600,0.800,0.900,0.900,0.900,0.600,1.000,0.600,0.800,0.900,0.800,0.900,1.000,1.000,0.800,1.000,0.800,0.900,0.800,0.100,0.300,0.300,0.100,0.800,0.200,0.900,0.900,0.900,0.900,0.800,0.900,0.900,1.000,0.900,0.200,0.900,0.700,0.200,0.900,0.800,0.900,0.900,0.300,0.500,0.300,0.500,0.600,0.100,0.900,1.000,0.900,1.000,0.900,1.000,0.900,0.500,0.100,0.900,1.000,0.100,0.100,0.200,0.900,0.400,0.400,0.900
53,taste,rubric,0.800,0.800,0.700,0.800,0.800,0.900,0.900,0.500,0.600,0.700,0.700,0.600,0.900,0.900,0.900,0.800,0.900,0.900,0.800,0.900,0.800,0.800,0.900,0.900,0.900,0.900,0.900,0.900,0.500,0.800,0.900,1.000,0.900,0.400,0.400,0.500,0.600,0.600,0.600,0.800,0.800,0.800,0.900,0.800,0.700,0.800,0.800,0.800,0.700,0.700,0.900,0.800,0.800,0.400,0.800,0.800,0.900,0.900,0.900,0.900,0.900,0.900,0.700,0.900,0.900,0.900,0.900,0.900,0.700,0.900,0.700,0.800,0.800,0.800,0.700,0.800,0.800,0.900,0.500,0.900
54,taste,rubric,0.900,0.900,0.700,0.500,0.200,0.800,0.900,0.100,0.700,0.900,0.900,0.800,0.900,0.300,0.800,0.900,0.900,0.700,0.300,0.500,0.900,0.800,0.900,0.900,0.900,0.900,0.900,0.900,0.300,1.000,0.900,1.000,1.000,0.200,0.200,0.100,0.100,0.300,0.300,0.800,0.500,0.400,0.900,0.300,0.900,0.900,1.000,1.000,0.800,0.900,0.800,0.900,0.200,0.600,0.500,0.400,0.200,0.300,0.500,0.300,0.800,0.900,0.400,0.600,1.000,1.000,1.000,1.000,0.900,0.600,0.900,0.600,0.900,0.800,0.900,0.800,0.700,0.900,0.500,1.000
55,taste,rubric,0.400,0.400,0.300,0.300,0.300,0.500,0.300,0.400,0.600,0.500,0.800,0.600,0.800,0.300,0.700,0.500,0.500,0.500,0.400,0.400,0.500,0.400,0.300,0.300,0.900,0.500,0.800,0.300,0.300,0.800,0.600,0.800,0.700,0.200,0.300,0.300,0.200,0.300,0.500,0.300,0.300,0.400,0.700,0.300,0.700,0.400,0.700,0.800,0.500,0.800,0.700,0.800,0.500,0.400,0.500,0.600,0.700,0.200,0.500,0.400,0.300,0.500,0.300,0.500,0.800,0.800,0.700,0.600,0.600,0.400,0.600,0.700,0.800,0.700,0.600,0.500,0.800,0.400,0.400,0.500
56,taste,rubric,0.600,0.900,0.700,0.000,0.700,0.500,0.500,0.500,0.400,0.500,0.600,0.500,0.700,0.900,0.400,0.700,0.600,0.800,0.400,0.600,0.800,0.700,0.900,0.900,0.900,0.900,1.000,1.000,0.800,0.900,0.700,0.400,0.600,0.300,0.100,0.500,0.400,0.700,0.400,0.900,0.900,0.800,0.900,0.500,0.800,0.900,0.800,0.900,0.800,0.800,0.500,0.200,0.900,0.800,0.900,0.900,0.800,0.600,0.600,0.500,0.700,0.700,0.800,0.900,0.900,1.000,0.800,1.000,0.500,0.500,0.900,0.800,0.900,0.300,0.200,0.200,0.900,0.800,0.500,0.600
57,proportionality,rubric,0.300,0.300,0.300,0.300,0.500,0.500,0.400,0.200,0.200,0.000,0.300,0.500,0.400,0.000,0.300,0.600,0.400,0.400,0.000,0.500,0.300,0.300,0.400,0.400,0.500,0.400,0.600,0.500,0.200,0.400,0.300,0.500,0.400,0.400,0.300,0.200,0.300,0.300,0.500,0.000,0.400,0.200,0.200,0.300,0.500,0.400,0.600,0.500,0.500,0.600,0.600,0.500,0.200,0.400,0.400,0.200,0.400,0.400,0.400,0.300,0.300,0.300,0.200,0.500,0.500,0.500,0.300,0.400,0.200,0.100,0.500,0.500,0.600,0.500,0.400,0.500,0.400,0.000,0.300,0.300
58,proportionality,rubric,0.900,0.500,0.500,0.600,0.900,1.000,1.000,0.800,0.600,0.900,0.400,0.800,0.600,0.900,0.600,1.000,0.900,1.000,1.000,1.000,1.000,1.000,1.000,0.700,1.000,1.000,1.000,1.000,0.500,0.800,0.900,1.000,1.000,0.700,0.900,0.600,0.500,0.600,0.800,1.000,0.000,0.500,0.900,0.600,1.000,0.900,0.900,1.000,0.900,0.900,1.000,0.800,0.300,0.600,0.700,0.500,0.900,1.000,0.900,1.000,1.000,0.900,0.900,0.500,1.000,0.900,0.900,0.000,0.000,0.400,0.800,0.900,0.900,0.900,0.900,0.800,0.600,0.600,0.500,0.600
59,proportionality,rubric,0.300,0.300,0.300,0.200,0.300,0.300,0.300,0.200,0.100,0.200,0.100,0.300,0.200,0.300,0.100,0.300,0.300,0.300,0.300,0.300,0.300,0.400,0.400,0.500,0.400,0.400,0.700,0.500,0.100,0.300,0.300,0.200,0.300,0.300,0.400,0.200,0.300,0.300,0.200,0.400,0.300,0.100,0.200,0.300,0.300,0.400,0.500,0.200,0.300,1.000,0.400,1.000,0.200,0.200,0.200,0.100,0.300,0.300,0.300,0.300,0.300,0.000,0.200,0.200,0.200,0.300,0.200,0.400,0.200,0.200,0.300,0.300,0.200,0.300,0.400,0.400,0.200,0.100,0.200,0.100
60,proportionality,rubric,0.300,0.300,0.500,0.200,0.300,0.300,0.400,0.300,0.200,0.200,0.100,0.300,0.200,0.300,0.200,0.400,0.400,0.300,0.200,0.300,0.200,0.200,0.300,0.200,0.500,0.400,0.900,0.500,0.100,0.200,0.300,0.200,0.300,0.200,0.200,0.200,0.500,0.200,0.200,0.600,0.400,0.200,0.200,0.200,0.300,0.300,0.300,0.300,0.500,0.800,0.300,0.400,0.200,0.200,0.300,0.200,0.300,0.400,0.300,0.200,0.300,0.300,0.200,0.100,0.300,0.300,0.300,0.000,0.300,0.300,0.200,0.300,0.300,0.200,0.300,0.300,0.300,0.200,0.200,0.100
61,proportionality,rubric,0.400,0.400,0.400,0.500,0.500,1.000,1.000,0.200,0.200,0.400,0.200,0.500,0.500,0.000,0.300,0.500,0.300,0.400,0.500,0.900,0.500,0.600,0.500,0.700,0.400,0.500,0.000,1.000,0.200,0.500,0.500,1.000,1.000,0.400,0.300,0.400,0.300,0.300,0.600,0.400,0.500,0.400,0.300,0.500,1.000,0.900,0.900,0.900,0.600,0.800,0.400,0.500,0.500,0.400,0.400,0.400,0.400,0.600,0.900,0.500,0.600,0.600,0.400,0.300,0.900,0.700,0.300,0.600,0.300,0.400,0.600,0.700,0.300,0.900,0.300,0.500,0.400,0.300,0.400,0.200
62,proportionality,rubric,0.400,0.400,0.400,0.300,0.500,0.000,0.500,0.200,0.200,0.400,0.300,0.700,0.300,0.600,0.300,0.900,0.300,0.500,0.400,0.900,0.900,0.500,1.000,0.700,0.900,0.900,1.000,0.600,0.300,0.600,0.600,0.500,0.500,0.300,0.300,0.300,0.300,0.300,0.700,0.800,0.500,0.500,0.300,0.500,0.500,0.900,0.500,0.600,0.500,0.800,0.500,0.800,0.500,0.400,0.500,0.400,0.400,0.000,0.900,0.500,0.500,0.500,0.500,0.300,0.500,0.600,0.400,0.500,0.400,0.300,0.500,0.800,0.500,0.800,0.500,0.600,0.300,0.300,0.300,0.200
63,proportionality,rubric,0.400,0.400,0.500,0.500,0.600,0.600,0.600,0.500,0.600,0.600,0.500,0.600,0.400,0.500,0.500,0.600,0.600,0.500,0.600,0.700,0.700,0.700,0.500,0.700,0.900,0.900,0.700,0.900,0.500,0.600,0.600,0.500,0.600,0.500,0.500,0.400,0.300,0.300,0.700,0.700,0.500,0.400,0.500,0.500,0.500,0.500,0.600,0.600,0.600,0.600,0.500,0.600,0.500,0.400,0.300,0.600,0.600,0.700,0.600,0.600,0.500,0.700,0.500,0.500,0.500,0.500,0.500,0.600,0.400,0.500,0.400,0.600,0.500,0.500,0.400,0.300,0.400,0.600,0.400,0.500
64,naturalness,rubric,0.200,0.300,1.000,0.200,0.400,0.500,0.400,0.500,0.500,0.600,0.300,0.500,0.300,0.400,0.500,0.700,1.000,1.000,0.400,0.800,0.300,1.000,1.000,1.000,0.900,1.000,1.000,0.800,1.000,0.900,0.200,0.600,0.500,0.100,0.200,0.300,0.500,0.400,0.200,0.200,0.300,0.200,0.100,0.200,0.300,0.200,0.300,0.400,0.300,0.600,0.200,0.300,0.300,0.100,0.200,0.100,0.300,0.300,0.200,0.400,0.000,0.500,0.400,0.400,0.200,0.200,0.200,0.300,0.200,0.100,0.200,0.200,0.400,0.500,0.700,1.000,0.400,0.900,0.500,0.200
65,naturalness,rubric,0.500,0.900,0.800,0.700,1.000,0.900,0.900,0.800,0.700,0.900,0.600,0.800,0.600,1.000,0.500,1.000,0.900,0.900,0.800,0.900,0.900,1.000,1.000,1.000,0.900,1.000,1.000,1.000,0.600,0.900,0.900,0.900,0.900,0.900,0.900,1.000,1.000,0.800,0.900,0.900,0.900,1.000,0.300,0.900,0.900,0.900,0.900,0.900,0.900,1.000,0.900,0.900,0.900,0.800,1.000,0.900,0.700,1.000,0.900,0.900,1.000,1.000,0.900,1.000,1.000,1.000,1.000,1.000,0.500,0.500,0.900,0.900,0.900,0.900,0.900,0.900,0.700,0.700,0.900,0.600
66,taste,rubric,0.300,0.200,0.200,0.500,0.900,0.900,0.900,0.200,0.100,0.900,0.900,0.800,0.900,0.800,0.900,0.800,1.000,0.900,0.900,0.900,0.500,0.800,0.900,1.000,0.900,0.900,1.000,0.900,0.100,0.900,0.900,0.900,0.800,0.200,0.400,0.100,0.700,0.100,0.900,0.200,0.900,0.100,0.400,0.600,0.800,0.900,0.800,0.800,0.800,0.900,0.800,0.800,0.100,0.100,0.400,0.200,0.900,1.000,0.500,0.300,0.900,1.000,0.100,0.800,0.300,0.200,0.400,0.100,0.100,0.100,0.800,0.800,0.800,0.900,0.300,0.800,0.600,1.000,0.100,0.900
67,taste,rubric,0.300,0.500,0.100,0.900,0.900,0.900,0.900,0.100,0.100,0.600,0.700,0.700,0.900,0.900,0.800,0.400,0.900,0.900,0.800,0.700,0.900,0.400,0.700,0.800,1.000,0.900,0.000,0.900,0.100,0.800,0.400,1.000,1.000,0.300,0.200,0.300,0.100,0.500,0.500,0.700,0.800,0.900,0.900,0.200,0.600,0.900,0.800,0.400,0.900,0.500,0.100,0.100,0.900,0.800,0.900,0.800,0.300,0.700,0.800,0.600,0.900,0.800,0.900,0.500,1.000,1.000,1.000,0.900,0.900,0.400,0.900,0.900,0.900,0.900,0.100,0.100,0.500,0.800,0.300,0.800
68,pushback,rubric,0.600,0.300,0.800,0.500,0.600,0.600,0.500,0.500,0.600,0.800,0.900,0.900,0.900,0.700,0.700,0.900,0.600,0.700,0.500,0.600,0.600,0.700,0.800,0.900,1.000,0.900,0.900,1.000,0.500,0.800,0.900,0.800,0.900,0.500,0.500,0.600,0.300,0.500,0.800,0.800,0.500,0.400,0.300,0.500,0.800,0.700,0.700,0.800,0.900,0.900,0.800,0.900,0.400,0.400,0.500,0.500,0.500,0.400,0.500,0.500,0.400,0.500,0.500,0.500,0.400,0.600,0.400,0.400,0.400,0.300,0.600,0.700,0.600,0.800,0.700,0.900,0.500,0.600,0.300,0.300
69,naturalness,rubric,0.200,0.100,0.100,0.200,0.100,0.100,0.100,0.100,0.100,0.100,0.200,0.200,0.100,0.800,0.200,0.200,0.200,0.900,0.100,0.100,0.100,0.100,0.100,0.100,0.100,0.100,0.100,0.100,0.100,0.100,0.100,0.100,0.500,0.100,0.300,0.100,0.100,0.100,0.200,0.200,0.100,0.100,0.100,0.100,0.100,0.200,0.200,0.100,0.100,0.500,0.200,0.800,0.100,0.100,0.100,0.100,0.200,0.100,0.200,0.100,0.100,0.200,0.200,0.100,0.100,0.100,0.200,0.100,0.100,0.100,0.100,0.200,0.100,1.000,0.100,0.300,0.200,0.100,0.100,0.100
70,naturalness,rubric,1.000,1.000,0.900,1.000,1.000,1.000,1.000,0.100,0.200,1.000,1.000,1.000,1.000,0.900,1.000,1.000,1.000,0.900,1.000,1.000,0.800,0.900,1.000,0.900,1.000,1.000,1.000,1.000,0.100,0.900,0.900,1.000,0.000,0.600,0.600,0.600,0.900,0.800,0.800,1.000,1.000,0.100,1.000,0.900,0.900,0.900,1.000,1.000,0.900,1.000,1.000,1.000,1.000,0.200,1.000,1.000,0.600,0.900,0.900,0.900,0.900,1.000,1.000,0.900,1.000,0.900,0.900,0.300,0.600,0.800,0.900,1.000,0.900,1.000,0.800,0.700,0.900,1.000,0.900,0.800
71,naturalness,rubric,1.000,1.000,0.900,0.900,0.900,0.900,0.900,0.800,0.100,1.000,1.000,0.000,1.000,1.000,0.900,0.500,1.000,1.000,1.000,1.000,1.000,1.000,0.900,1.000,1.000,1.000,0.300,0.900,0.100,0.700,0.300,1.000,1.000,0.400,0.700,0.400,0.400,0.100,0.700,1.000,0.000,0.600,0.900,0.400,1.000,1.000,1.000,1.000,1.000,1.000,0.800,1.000,0.400,0.200,0.600,0.300,0.600,0.100,0.600,0.400,0.900,0.800,1.000,0.900,0.200,0.300,0.700,0.100,0.800,0.700,1.000,1.000,1.000,1.000,0.800,0.900,0.800,1.000,0.500,0.400
72,naturalness,rubric,1.000,0.900,0.900,0.200,0.300,0.900,1.000,0.800,0.700,0.900,0.800,0.900,1.000,0.600,0.900,0.800,0.900,1.000,0.900,0.200,0.200,0.900,0.100,0.900,0.200,0.900,0.900,1.000,0.200,0.200,0.200,1.000,1.000,0.200,0.900,0.400,0.100,0.900,0.200,1.000,0.200,0.300,0.100,0.900,1.000,1.000,1.000,1.000,0.900,1.000,0.900,1.000,0.200,0.100,0.100,0.100,0.900,0.600,0.100,0.700,0.800,0.100,0.900,1.000,0.900,1.000,0.100,0.100,0.100,0.100,0.900,1.000,1.000,1.000,0.900,0.900,0.200,0.900,0.900,0.900
73,read_the_room,emotion_distance,0.825,0.875,0.875,0.925,0.875,0.925,0.900,0.875,0.900,0.900,0.875,0.875,0.875,0.825,0.900,0.900,0.875,0.900,0.800,0.900,0.925,0.925,0.900,0.850,0.875,0.875,0.850,0.850,0.750,0.825,0.825,0.875,0.950,0.825,0.850,0.850,0.875,0.900,0.875,0.875,0.850,0.850,0.900,0.775,0.850,0.800,0.850,0.875,0.950,0.950,0.925,0.975,0.675,0.900,0.000,0.825,0.950,0.900,0.925,0.850,0.875,0.875,0.825,0.750,0.875,0.825,0.725,0.800,0.700,0.525,0.850,0.925,0.925,0.950,0.900,0.925,0.900,0.875,0.825,0.900
74,read_the_room,emotion_distance,0.775,0.800,0.700,0.825,0.825,0.775,0.850,0.825,0.800,0.800,0.875,0.750,0.825,0.900,0.850,0.875,0.825,0.875,0.775,0.800,0.900,0.775,0.800,0.850,0.775,0.875,0.825,0.800,0.825,0.875,0.825,0.850,0.900,0.825,0.775,0.825,0.800,0.675,0.875,0.925,0.000,0.850,0.800,0.750,0.875,0.875,0.875,0.825,0.925,0.900,0.925,0.925,0.750,0.925,0.900,0.850,0.725,0.700,0.750,0.750,0.825,0.875,0.850,0.875,0.725,0.775,0.750,0.800,0.700,0.800,0.875,0.900,0.850,0.950,0.750,0.900,0.850,0.800,0.775,0.725
75,read_the_room,emotion_distance,0.925,0.950,0.900,0.875,0.925,0.875,0.950,0.875,0.900,0.975,0.950,0.900,0.875,0.875,0.925,0.925,0.950,0.950,0.825,0.850,0.850,0.850,0.875,0.900,0.875,0.800,0.875,0.925,0.825,0.875,0.950,0.800,0.925,0.825,0.800,0.850,0.825,0.925,0.950,0.775,0.000,0.850,0.925,0.850,0.825,0.900,0.850,0.875,0.950,0.900,0.875,0.925,0.850,0.850,0.925,0.725,0.925,0.900,0.950,0.800,0.925,0.800,0.825,0.775,0.875,0.925,0.800,0.775,0.650,0.675,0.875,0.900,0.925,0.875,0.975,0.900,0.875,0.875,0.850,0.850
76,read_the_room,rubric_with_history,0.800,0.900,0.800,0.900,0.800,0.900,0.900,0.700,0.500,0.800,0.900,0.800,0.900,0.900,0.900,0.900,0.900,0.900,0.900,0.900,0.800,1.000,0.900,0.900,0.900,0.900,0.900,1.000,0.500,0.900,0.900,0.000,0.900,0.900,0.800,0.600,0.800,0.800,0.900,0.900,0.900,0.900,0.900,0.700,0.900,0.900,0.900,0.900,0.900,0.900,0.900,0.900,0.800,0.800,0.900,0.800,0.900,0.900,0.900,0.900,1.000,0.900,0.800,0.900,0.900,0.900,0.800,0.900,0.700,0.900,0.900,0.900,0.900,0.900,0.900,0.900,1.000,0.900,0.800,0.900
77,pushback,rubric_with_history,1.000,1.000,0.500,0.600,0.900,1.000,1.000,0.300,0.300,0.600,1.000,0.900,1.000,1.000,0.900,0.800,0.900,0.900,1.000,1.000,0.900,0.500,0.700,0.300,0.500,0.900,0.500,1.000,0.400,0.900,1.000,1.000,1.000,0.600,0.500,0.000,0.400,0.400,0.600,1.000,0.700,1.000,1.000,0.300,1.000,1.000,0.900,0.900,0.900,0.900,1.000,1.000,0.800,0.400,1.000,0.800,0.900,1.000,1.000,0.900,1.000,1.000,0.900,1.000,0.900,0.900,0.700,0.900,0.500,0.800,1.000,0.900,1.000,1.000,0.900,1.000,1.000,1.000,0.400,0.600
78,read_the_room,rubric_with_history,0.700,0.500,0.700,0.700,0.400,0.400,0.400,0.400,0.600,0.700,0.800,0.600,0.900,0.600,0.900,0.600,0.600,0.700,0.900,0.300,0.600,0.800,0.800,0.800,0.900,0.800,0.600,0.000,0.500,0.700,0.900,0.700,0.900,0.500,0.600,0.600,0.600,0.500,0.600,0.900,0.300,0.700,0.700,0.600,0.600,0.700,0.800,0.900,0.600,0.700,0.800,0.600,0.800,0.500,0.900,0.700,0.700,0.700,0.600,0.600,0.600,0.600,0.900,0.400,0.000,0.800,1.000,0.800,0.700,0.500,0.600,0.800,0.800,0.400,0.600,0.800,0.800,0.900,0.600,0.000
79,read_the_room,rubric_with_history,1.000,0.000,0.800,0.900,0.000,0.900,0.000,0.700,0.800,1.000,0.900,0.900,0.900,0.900,1.000,0.900,0.900,1.000,1.000,1.000,0.800,0.900,0.900,0.900,0.900,0.700,0.900,0.900,0.800,1.000,0.900,0.900,0.900,0.900,0.700,0.900,0.900,0.800,1.000,0.000,1.000,0.900,0.900,0.900,0.900,0.900,0.900,0.900,1.000,0.900,0.900,1.000,0.900,0.800,0.900,0.900,0.900,0.900,1.000,0.900,0.900,0.900,0.900,0.900,1.000,1.000,1.000,0.900,0.900,0.900,0.900,0.900,0.000,0.900,1.000,0.900,0.900,0.900,0.900,0.000
80,read_the_room,rubric,0.800,0.900,0.900,0.800,0.900,0.900,0.900,0.800,0.800,1.000,1.000,1.000,0.900,0.900,1.000,0.900,1.000,1.000,0.900,0.900,0.700,0.900,0.900,0.900,0.900,0.900,0.900,1.000,0.600,0.900,0.900,1.000,1.000,0.700,0.700,0.700,0.600,0.700,0.900,1.000,1.000,1.000,0.900,0.800,0.900,0.900,0.900,0.900,1.000,0.900,0.900,0.900,0.900,0.700,0.900,0.800,0.900,0.900,1.000,0.900,0.900,0.900,0.800,0.900,0.800,0.800,0.900,0.900,0.900,0.900,0.900,0.900,0.900,0.900,0.900,0.900,1.000,0.900,0.800,0.800
81,read_the_room,rubric,1.000,1.000,0.900,1.000,0.900,0.900,0.900,0.000,0.900,1.000,0.900,0.900,1.000,1.000,0.900,1.000,1.000,1.000,0.900,1.000,0.900,1.000,0.900,0.900,1.000,0.900,1.000,1.000,0.900,1.000,0.900,1.000,0.900,0.700,0.800,0.800,0.000,0.800,0.900,0.900,0.900,0.900,1.000,0.900,0.900,0.900,0.900,0.900,0.900,1.000,1.000,1.000,0.900,0.800,0.900,1.000,0.900,0.900,0.900,1.000,0.900,0.900,0.900,0.900,0.900,0.900,0.900,0.900,0.900,0.900,0.900,0.900,0.900,1.000,1.000,1.000,0.900,1.000,0.800,1.000
82,playfulness,rubric_with_history,1.000,0.900,1.000,1.000,0.800,1.000,1.000,0.500,0.900,1.000,0.000,0.900,1.000,1.000,0.900,1.000,1.000,0.900,1.000,1.000,0.900,1.000,0.900,1.000,1.000,1.000,1.000,1.000,0.900,1.000,1.000,1.000,1.000,0.900,1.000,1.000,1.000,0.900,1.000,0.900,1.000,0.900,0.900,0.900,1.000,1.000,0.900,1.000,0.900,0.900,0.900,0.900,1.000,0.900,1.000,1.000,1.000,0.900,1.000,0.900,1.000,0.900,1.000,1.000,1.000,0.000,1.000,1.000,0.900,0.500,1.000,1.000,1.000,1.000,1.000,1.000,1.000,1.000,0.900,0.900
83,playfulness,rubric_with_history,0.800,0.900,0.800,0.900,0.900,0.700,0.900,0.900,0.900,0.800,1.000,0.900,1.000,1.000,0.900,0.900,1.000,1.000,0.900,0.900,0.700,0.800,0.900,0.900,0.900,0.900,0.900,0.900,0.700,0.800,0.900,0.900,0.900,0.900,0.900,0.900,0.800,0.900,0.800,0.900,0.900,0.900,0.800,0.900,1.000,0.800,0.900,1.000,0.900,1.000,0.900,0.900,0.200,0.700,0.900,1.000,0.900,0.900,0.800,0.900,0.800,0.900,0.900,0.200,0.900,0.900,0.600,0.700,0.600,0.500,0.800,0.900,0.900,0.900,0.900,0.800,0.400,0.900,0.800,0.900
84,playfulness,rubric,1.000,1.000,0.900,1.000,1.000,1.000,0.800,0.700,0.700,0.900,1.000,0.800,0.900,1.000,0.800,0.900,0.900,1.000,1.000,0.900,1.000,1.000,0.700,1.000,1.000,1.000,1.000,1.000,0.100,0.900,1.000,0.500,1.000,0.800,0.900,0.400,0.900,0.800,0.800,0.900,1.000,0.600,0.800,0.700,1.000,0.900,0.900,0.500,1.000,1.000,1.000,0.900,0.800,0.400,1.000,0.000,0.900,1.000,0.500,1.000,0.900,0.800,0.100,0.500,0.900,0.900,0.900,1.000,0.300,0.500,1.000,1.000,1.000,0.600,0.900,1.000,0.900,0.900,0.800,0.900
85,proportionality,rubric,0.900,0.900,0.800,0.900,1.000,0.000,0.900,0.700,0.600,0.800,0.900,0.800,0.900,1.000,0.900,0.900,0.900,1.000,0.900,0.900,0.900,0.900,0.800,0.900,0.800,0.900,0.900,1.000,0.600,0.900,0.900,0.900,1.000,0.500,0.700,0.700,0.600,0.700,0.900,1.000,0.900,1.000,0.900,0.800,0.900,0.900,0.900,0.900,0.900,0.900,0.800,0.900,0.800,0.700,0.900,0.900,0.900,0.800,1.000,0.900,0.900,0.900,0.600,1.000,0.900,0.900,0.700,0.800,0.800,0.800,0.900,0.800,0.900,0.900,0.900,0.900,0.900,0.800,0.700,0.900
86,proportionality,rubric,0.900,0.900,0.600,0.900,0.900,0.000,0.900,0.500,0.500,0.800,0.900,0.800,0.900,1.000,0.900,0.900,0.900,1.000,0.800,0.900,0.900,0.800,0.500,0.900,0.500,0.700,1.000,1.000,0.700,0.800,0.800,0.900,0.900,0.500,0.400,0.600,0.600,0.500,0.900,1.000,0.800,0.900,0.700,0.800,0.800,0.700,0.900,0.900,0.900,0.900,0.900,0.900,0.600,0.400,0.900,0.800,0.900,0.900,0.900,0.800,0.900,0.900,0.700,0.900,0.900,0.900,0.900,1.000,0.800,0.600,0.900,0.900,0.900,0.800,0.900,0.900,0.900,0.700,0.600,0.800
87,proportionality,rubric,0.600,0.600,0.600,0.600,0.600,0.700,0.700,0.400,0.300,0.600,0.700,0.700,0.600,0.900,0.700,0.900,0.900,1.000,0.700,0.700,0.600,0.600,0.600,0.600,0.600,0.600,0.000,0.900,0.500,0.500,0.600,0.700,0.700,0.000,0.400,0.500,0.600,0.500,0.600,0.500,0.500,0.600,0.500,0.600,0.600,0.600,0.500,0.600,0.600,0.900,0.700,0.600,0.400,0.500,0.600,0.500,0.800,0.500,0.500,0.600,0.800,0.700,0.500,0.500,0.700,0.600,0.200,0.700,0.500,0.500,0.600,0.600,0.700,0.600,0.800,0.700,0.600,0.500,0.600,0.500
88,proportionality,rubric,0.500,0.500,0.600,0.400,0.500,0.600,0.500,0.300,0.300,0.500,0.500,0.400,0.600,0.500,0.300,0.900,0.500,0.600,0.400,0.700,0.500,0.800,0.900,0.700,0.600,0.700,0.800,1.000,0.300,0.700,0.700,0.500,0.500,0.700,0.500,0.600,0.500,0.600,0.400,0.700,0.500,0.600,0.300,0.600,0.600,0.700,0.700,0.600,0.900,0.900,0.900,0.700,0.600,0.300,0.800,0.400,0.600,0.600,0.500,0.400,0.400,0.600,0.500,0.000,0.600,0.600,0.500,0.600,0.500,0.400,0.700,0.600,0.600,0.800,0.600,0.000,0.300,0.400,0.300,0.300
89,proportionality,rubric,0.600,0.500,0.000,0.400,0.500,0.000,0.500,0.400,0.500,0.600,0.500,0.900,0.500,0.600,0.500,0.900,0.400,0.500,0.000,0.600,0.500,0.500,0.800,0.800,0.800,0.500,0.500,0.900,0.500,0.900,0.700,0.500,0.500,0.300,0.500,0.400,0.500,0.400,0.600,0.700,0.600,0.200,0.600,0.600,0.500,0.700,0.700,0.600,0.700,0.800,0.800,0.900,0.200,0.000,0.400,0.400,0.500,0.300,0.400,0.500,0.500,0.600,0.200,0.300,0.400,0.400,0.700,0.300,0.500,0.000,0.500,0.700,0.700,0.600,0.800,0.900,0.500,0.400,0.400,0.400
90,proportionality,rubric,0.600,0.600,0.600,0.500,0.700,0.400,0.600,0.300,0.500,0.500,0.300,0.900,0.600,0.500,0.500,0.700,0.500,0.600,0.400,0.500,0.500,0.400,0.300,0.300,0.400,0.400,0.600,0.600,0.400,0.400,0.500,0.500,0.600,0.000,0.500,0.400,0.500,0.400,0.600,0.700,0.600,0.400,0.200,0.500,0.700,0.600,0.600,0.700,0.500,0.600,0.600,0.400,0.400,0.300,0.300,0.500,0.400,0.600,0.300,0.500,0.500,0.500,0.300,0.300,0.500,0.700,0.400,0.400,0.500,0.600,0.500,0.500,0.300,0.600,0.300,0.300,0.500,0.400,0.400,0.500
91,pushback,rubric,0.800,0.900,0.600,0.900,1.000,0.900,0.900,0.500,0.400,0.500,0.600,0.800,1.000,0.800,1.000,0.600,0.600,0.700,0.700,0.900,0.500,0.000,0.000,0.600,0.900,0.700,0.900,0.800,0.600,0.500,0.500,1.000,0.900,0.500,0.600,0.500,0.000,0.500,0.900,0.700,0.500,0.500,0.600,0.500,0.700,0.900,0.900,1.000,0.500,0.400,0.600,0.600,0.400,0.400,0.500,0.600,0.900,0.900,0.900,0.900,0.800,0.700,0.600,0.800,0.800,0.600,0.700,0.400,0.600,0.800,0.900,0.600,1.000,0.900,0.500,0.300,1.000,0.700,0.400,0.400
92,pushback,rubric,0.900,0.600,0.700,0.900,0.900,0.900,0.900,0.500,0.400,0.800,0.900,0.800,0.900,0.600,0.900,0.900,0.900,0.900,0.900,0.900,0.500,0.900,0.900,0.900,0.900,0.900,1.000,1.000,0.500,0.900,0.700,0.900,0.900,0.400,0.700,0.600,0.400,0.700,0.900,0.800,1.000,0.900,1.000,0.900,0.800,0.900,0.800,0.800,0.500,0.900,0.600,0.600,0.400,0.400,0.700,0.600,0.900,1.000,0.800,0.900,0.900,0.900,0.300,0.900,0.900,1.000,0.600,1.000,0.600,0.500,0.900,0.900,0.900,0.800,0.300,0.500,0.600,0.700,0.600,0.600
93,pushback,rubric,0.900,0.900,0.800,0.600,0.900,0.900,0.900,0.500,0.500,0.600,0.500,0.900,1.000,0.500,0.900,0.600,0.900,0.900,0.600,0.900,0.800,0.600,0.900,0.600,0.900,0.900,0.800,0.800,0.600,0.800,0.800,1.000,1.000,0.500,0.000,0.500,0.200,0.500,0.900,0.500,0.900,0.500,0.900,0.600,0.900,0.900,1.000,1.000,0.000,0.700,0.900,0.600,0.700,0.600,0.600,0.700,1.000,0.900,0.900,0.000,0.800,0.900,0.600,0.900,0.900,0.600,0.500,0.400,0.100,0.300,0.800,0.900,1.000,0.000,0.700,0.700,0.800,0.500,0.500,0.500
94,naturalness,rubric,0.900,0.900,0.800,0.800,0.900,0.900,0.900,0.600,0.700,0.900,0.600,0.700,0.800,0.900,0.600,1.000,0.900,0.900,0.900,0.900,0.800,0.800,0.900,0.800,1.000,0.900,1.000,1.000,0.600,0.900,0.800,1.000,0.900,0.700,0.700,0.600,0.800,0.500,0.700,0.800,0.900,0.800,0.700,0.800,0.700,0.900,0.800,0.900,0.900,0.800,0.800,0.800,0.700,0.700,0.900,0.800,0.900,0.800,0.900,0.800,0.900,0.900,0.900,0.900,1.000,1.000,1.000,0.900,0.800,0.800,0.700,0.800,0.900,0.700,0.900,0.900,1.000,0.900,0.700,0.600
95,naturalness,rubric,0.500,0.900,0.600,0.300,0.900,0.400,0.900,0.200,0.300,0.400,0.300,0.500,0.200,1.000,0.300,1.000,0.900,1.000,0.500,0.400,1.000,0.400,0.600,0.900,0.800,0.300,0.600,1.000,0.300,0.700,0.800,0.900,1.000,0.600,0.600,0.600,0.700,0.300,0.300,0.300,0.300,0.300,0.200,0.700,0.900,0.800,0.900,0.900,0.900,0.900,0.900,0.900,0.200,0.300,0.200,0.200,0.700,0.800,0.900,0.900,0.800,0.500,0.400,0.300,0.400,0.800,0.900,0.800,0.200,0.200,0.900,0.800,0.800,0.900,0.800,0.700,0.300,0.200,0.300,0.200
96,taste,rubric,0.800,0.600,0.900,0.900,0.900,0.900,0.900,0.300,0.500,0.800,0.900,0.200,1.000,0.900,0.900,0.400,0.900,0.900,0.900,0.800,0.800,0.800,0.900,0.800,0.900,0.900,1.000,0.900,0.600,0.800,0.700,0.900,0.900,0.200,0.200,0.100,0.100,0.200,0.900,0.900,0.900,0.000,0.900,0.300,0.500,0.800,0.500,0.800,0.600,0.900,0.400,0.900,0.200,0.300,0.800,0.500,0.900,0.500,0.400,0.600,0.300,0.300,0.600,0.900,0.900,0.700,0.300,0.400,0.300,0.200,0.500,0.700,0.600,0.700,0.900,0.900,0.900,0.900,0.300,0.600
97,taste,rubric,0.600,0.500,0.400,0.600,0.800,0.900,0.800,0.300,0.300,0.400,0.800,0.300,0.800,0.600,0.900,0.500,0.800,0.800,0.800,0.000,0.500,0.400,0.600,0.500,0.900,0.800,0.900,0.800,0.300,0.800,0.800,0.800,0.900,0.300,0.300,0.300,0.300,0.300,0.500,0.600,0.900,0.400,0.900,0.500,0.500,0.800,0.000,0.800,0.800,0.800,0.600,0.800,0.300,0.300,0.500,0.300,0.500,0.400,0.500,0.600,0.400,0.800,0.400,0.500,0.700,0.600,0.200,0.400,0.300,0.400,0.400,0.700,0.800,0.500,0.700,0.800,0.500,0.600,0.400,0.400
